{
  "RWKV-4-Raven-14B": [
    -0.14878017272175104,
    -0.023580253789862487,
    -0.0499676806499466,
    -0.027229578781150714,
    -0.19706354952956454,
    -0.01993092879857426
  ],
  "alpaca-13b": [
    -0.14615358211558616,
    -0.03540052161969213,
    -0.0452620954994636,
    -0.030596165114162445,
    -0.19824292107027586,
    -0.019470286890830683
  ],
  "chatglm-6b": [
    -0.14079783068717183,
    -0.022755204959542995,
    -0.05375917171692045,
    -0.01962636427760582,
    -0.19626364277605773,
    -0.032710607129343094
  ],
  "claude-instant-v1": [
    0.19183822549717566,
    0.03760857298415829,
    0.06486616257818131,
    0.028982753492378863,
    0.26843550258417703,
    0.03519334352646005
  ],
  "claude-v1": [
    0.2821219648136285,
    0.05587391108016284,
    0.09220571532933276,
    0.04321282778120968,
    0.3864382815593486,
    0.05394722449119171
  ],
  "dolly-v2-12b": [
    -0.17150853004849956,
    -0.02758085418524847,
    -0.056112772307919556,
    -0.033287237809782655,
    -0.23205960073105675,
    -0.029800003372567312
  ],
  "fastchat-t5-3b": [
    -0.1504890047792221,
    -0.0345917751653614,
    -0.05055720985706671,
    -0.03281783797739415,
    -0.20577671380420146,
    -0.02040027766162336
  ],
  "gpt-3.5-turbo": [
    0.21363444073252832,
    0.04160383971254761,
    0.06049147246548314,
    0.039817171749432084,
    0.28356972957448046,
    0.04262479283432791
  ],
  "gpt-4": [
    0.37696615575813025,
    0.06424953574095502,
    0.11783524812241575,
    0.06984804300468972,
    0.5158624550155438,
    0.06504932249291712
  ],
  "gpt4all-13b-snoozy": [
    -0.0710121628506503,
    -0.00990867388613725,
    -0.027524094128159034,
    -0.00935819200357407,
    -0.1051420395695675,
    -0.013762047064079515
  ],
  "guanaco-33b": [
    0.03388888888888887,
    0.002777777777777778,
    0.016666666666666666,
    -0.0005555555555555553,
    0.041666666666666644,
    0.01
  ],
  "koala-13b": [
    0.0331670703465606,
    0.005138560194537567,
    0.014247825993945099,
    0.008174982127673404,
    0.042276336145968145,
    0.0
  ],
  "llama-13b": [
    -0.18523356410891148,
    -0.0324971165103354,
    -0.058133730646266674,
    -0.05235646548887371,
    -0.26069909022735616,
    -0.03033064207631304
  ],
  "mpt-7b-chat": [
    -0.11883104108998921,
    -0.028110568859997333,
    -0.03673540248749657,
    -0.017888543819998305,
    -0.16227464750998513,
    -0.023957871187497728
  ],
  "oasst-pythia-12b": [
    -0.150810539818964,
    -0.027945723033546192,
    -0.04143676173939608,
    -0.021441115086082853,
    -0.20477469464236275,
    -0.03613671081924077
  ],
  "palm-2": [
    0.08595598049874724,
    0.013321591073606568,
    0.021885471049496535,
    0.007929518496194388,
    0.11640533152413374,
    0.023154194008887644
  ],
  "stablelm-tuned-alpha-7b": [
    -0.15827478981476828,
    -0.021929639552648605,
    -0.052758263271589535,
    -0.025425669046549096,
    -0.2167538286218311,
    -0.032099907171268226
  ],
  "vicuna-13b": [
    0.11783344521901518,
    0.02298090136202603,
    0.045060590905933416,
    0.03019059590697538,
    0.1687519129427195,
    0.02207968954390736
  ],
  "vicuna-7b": [
    -0.01890570661398977,
    -0.003980148760839958,
    -0.003316790634033298,
    0.004643506887646619,
    -0.025870966945459713,
    -0.009618692838696563
  ],
  "wizardlm-13b": [
    0.009958705948858223,
    0.007337993857053426,
    0.003144854510165755,
    0.012579418040663013,
    0.018344984642633556,
    -0.004193139346887673
  ]
}