{
  "RWKV-4-Raven-14B": 3.617454229763582,
  "alpaca-13b": 3.6210722166675793,
  "chatglm-6b": 3.556589823066028,
  "claude-instant-v1": 4.976557401636872,
  "claude-v1": 7.404665093272743,
  "dolly-v2-12b": 4.30141410032707,
  "fastchat-t5-3b": 3.7713722741956937,
  "gpt-3.5-turbo": 5.38364419618385,
  "gpt-4": 10.0,
  "gpt4all-13b-snoozy": 1.6610172808629775,
  "guanaco-33b": 0.49227258787625605,
  "koala-13b": 0.48021958857159763,
  "llama-13b": 4.831628357671378,
  "mpt-7b-chat": 2.8801762291811808,
  "oasst-pythia-12b": 3.732593006520193,
  "palm-2": 1.9404742600368217,
  "stablelm-tuned-alpha-7b": 3.967331490515223,
  "vicuna-13b": 2.985615831713649,
  "vicuna-7b": 0.12913721958024119,
  "wizardlm-13b": 0.0
}