{
  "RWKV-4-Raven-14B": 3.1255972075594567,
  "alpaca-13b": 3.375749449139685,
  "chatglm-6b": 4.040292773904302,
  "claude-instant-v1": 4.96622930194207,
  "claude-v1": 7.470737851733859,
  "dolly-v2-12b": 4.178756594579213,
  "fastchat-t5-3b": 3.973286767738396,
  "gpt-3.5-turbo": 5.462692044120174,
  "gpt-4": 10.0,
  "gpt4all-13b-snoozy": 1.4033546731878122,
  "guanaco-33b": 0.5428139757955148,
  "koala-13b": 0.24494382002396087,
  "llama-13b": 4.89915537002687,
  "mpt-7b-chat": 2.694294059662591,
  "oasst-pythia-12b": 3.60829946222772,
  "palm-2": 1.578603637815014,
  "stablelm-tuned-alpha-7b": 3.9415302294316934,
  "vicuna-13b": 3.2133735621103092,
  "vicuna-7b": 0.07922883750461006,
  "wizardlm-13b": 0.0
}