{
  "lambda_0.1": {
    "RWKV-4-Raven-14B": 4.462033981245118,
    "alpaca-13b": 4.2385485528479,
    "chatglm-6b": 4.0769319281771255,
    "claude-instant-v1": 6.011376203029145,
    "claude-v1": 8.576731601777789,
    "dolly-v2-12b": 5.367854751114363,
    "fastchat-t5-3b": 4.101752800470131,
    "gpt-3.5-turbo": 6.195497993519188,
    "gpt-4": 10.0,
    "gpt4all-13b-snoozy": 2.0102898756088274,
    "guanaco-33b": 0.32699950139385514,
    "koala-13b": 1.106564910183651,
    "llama-13b": 5.937409796263697,
    "mpt-7b-chat": 3.6849681317585423,
    "oasst-pythia-12b": 4.335746995266349,
    "palm-2": 2.395359624113964,
    "stablelm-tuned-alpha-7b": 4.435825258800057,
    "vicuna-13b": 3.4944482114778856,
    "vicuna-7b": 0.0,
    "wizardlm-13b": 0.19983058733524697
  },
  "lambda_0.5": {
    "RWKV-4-Raven-14B": 5.3834181690571965,
    "alpaca-13b": 5.363274393265036,
    "chatglm-6b": 5.030751970090727,
    "claude-instant-v1": 9.360272388711405,
    "claude-v1": 10.0,
    "dolly-v2-12b": 7.318400002956088,
    "fastchat-t5-3b": 5.134339200331382,
    "gpt-3.5-turbo": 9.865672042238327,
    "gpt-4": 4.325447885458739,
    "gpt4all-13b-snoozy": 2.431112659603753,
    "guanaco-33b": 0.8193785867860836,
    "koala-13b": 2.7217580759424096,
    "llama-13b": 8.205453812051395,
    "mpt-7b-chat": 4.349952104449044,
    "oasst-pythia-12b": 5.347857433281064,
    "palm-2": 4.318893509828417,
    "stablelm-tuned-alpha-7b": 5.788086846093456,
    "vicuna-13b": 6.313830330965548,
    "vicuna-7b": 0.0,
    "wizardlm-13b": 0.7434648836866146
  },
  "lambda_1.0": {
    "RWKV-4-Raven-14B": 2.8551515494988173,
    "alpaca-13b": 3.2468534109172635,
    "chatglm-6b": 2.784726513550173,
    "claude-instant-v1": 9.17140305105794,
    "claude-v1": 5.593539536676515,
    "dolly-v2-12b": 5.624762983370047,
    "fastchat-t5-3b": 2.977666894126284,
    "gpt-3.5-turbo": 10.000000000000002,
    "gpt-4": 7.179084578026223,
    "gpt4all-13b-snoozy": 0.7425033826241382,
    "guanaco-33b": 0.3062310655395855,
    "koala-13b": 3.227178059471454,
    "llama-13b": 6.589955976474396,
    "mpt-7b-chat": 1.9519291313733538,
    "oasst-pythia-12b": 3.0176568543015656,
    "palm-2": 4.437672001402608,
    "stablelm-tuned-alpha-7b": 3.859032868216843,
    "vicuna-13b": 6.970868824661352,
    "vicuna-7b": 0.0,
    "wizardlm-13b": 0.3480989297405661
  }
}