{
  "RWKV-4-Raven-14B": [
    -0.05783595800578127,
    -0.04238662675766147,
    -0.02178751842683524,
    -0.03307741433892262,
    -0.06991812731520804,
    -0.03109673084557393,
    -0.04971515568305163,
    -0.029116047352225272,
    -0.04317890015500095,
    -0.03208707259224827
  ],
  "alpaca-13b": [
    -0.0701366251233966,
    -0.039204575068975546,
    -0.017444237530690954,
    -0.047117425082897214,
    -0.06492133761422096,
    -0.04046343757119036,
    -0.05431092509555328,
    -0.030572375053788264,
    -0.04190213757372156,
    -0.022479687539550194
  ],
  "chatglm-6b": [
    -0.10569156963824204,
    -0.03449095116057177,
    -0.007462954344685109,
    -0.02501098212813389,
    -0.07543634932195196,
    -0.027834802690987728,
    -0.037113070254650334,
    -0.0560730083195261,
    -0.05445939656932391,
    -0.05022366572504315
  ],
  "claude-instant-v1": [
    0.11117209932707928,
    0.04932961117327091,
    0.02310069596406825,
    0.04884834667401948,
    0.08879330011188792,
    0.040907482436370934,
    0.06184248815380801,
    0.04957024342289662,
    0.07218967488771369,
    0.056789210911668025
  ],
  "claude-v1": [
    0.16326665765052847,
    0.07514527066240213,
    0.03079406710134539,
    0.07746935119835265,
    0.1303421833912272,
    0.06778568229855884,
    0.09412526170599798,
    0.07591996417438564,
    0.09916076953389076,
    0.08076179862428254
  ],
  "dolly-v2-12b": [
    -0.11696795294493731,
    -0.04400329899655991,
    -0.018409543457744447,
    -0.04288076585889256,
    -0.09047617089598797,
    -0.050738497822563976,
    -0.061739322571703954,
    -0.05410609723556601,
    -0.0635353755919717,
    -0.048717938174762755
  ],
  "fastchat-t5-3b": [
    -0.0957932460255581,
    -0.03550232144368237,
    -0.011343937029342333,
    -0.048316768828680114,
    -0.06701325763629992,
    -0.04558582102531994,
    -0.04390523776171368,
    -0.049157060460483244,
    -0.04957720627638481,
    -0.03235122782442063
  ],
  "gpt-3.5-turbo": [
    0.1200783626324142,
    0.06301856926122082,
    0.02509908632466969,
    0.06356027616031443,
    0.09822951770230534,
    0.06031003476575286,
    0.0774640865703837,
    0.06067117269848192,
    0.07006075894943772,
    0.056156948539368694
  ],
  "gpt-4": [
    0.20766193485783307,
    0.10241637659201146,
    0.036967973871150125,
    0.09562634057486168,
    0.16579004608540943,
    0.09392883157057423,
    0.12486121787092323,
    0.1103380852786862,
    0.11184698217138615,
    0.0946832800169242
  ],
  "gpt4all-13b-snoozy": [
    -0.035202821662495595,
    -0.0206625257584213,
    -0.007652787317933807,
    -0.01262709907459078,
    -0.03290698546711544,
    -0.009948623513313949,
    -0.027550034344561755,
    -0.014157656538177542,
    -0.021810443856111375,
    -0.0206625257584213
  ],
  "guanaco-33b": [
    0.0348969069925553,
    0.005368754921931593,
    0.0011504474832710553,
    0.005368754921931593,
    0.021475019687726346,
    0.004601789933084223,
    0.00805313238289739,
    0.01955760721560793,
    0.013805369799252667,
    0.012654922315981611
  ],
  "koala-13b": [
    0.01554039510816056,
    -0.00916065395849466,
    0.005234659404854095,
    0.0006543324256067603,
    0.016849059959374087,
    0.0006543324256067621,
    0.006543324256067618,
    0.011450817448118319,
    -0.00637974114966593,
    -0.003271662128033808
  ],
  "llama-13b": [
    -0.1103627917346156,
    -0.04112575729733291,
    -0.01900114102978041,
    -0.0452903909476957,
    -0.07756630173800774,
    -0.06793558642154353,
    -0.05466081666101198,
    -0.05153734142323989,
    -0.06429153197747599,
    -0.04372865332880965
  ],
  "mpt-7b-chat": [
    -0.060729929712580934,
    -0.024382276613229507,
    -0.014674518332036268,
    -0.03612189127885854,
    -0.044249316816601714,
    -0.02483380025421524,
    -0.04154017497068732,
    -0.03183241668949408,
    -0.0264141329976653,
    -0.03409003489442274
  ],
  "oasst-pythia-12b": [
    -0.08354497348191382,
    -0.036582829528740604,
    -0.01582420067987387,
    -0.038794814570013256,
    -0.05325779368602675,
    -0.02909611092751005,
    -0.04440985352093614,
    -0.046791991257691304,
    -0.044750158911901164,
    -0.04730244934413884
  ],
  "palm-2": [
    0.038330699201436134,
    0.025253166532710834,
    0.0029311711154039344,
    0.014430380875834734,
    0.02435126772797116,
    0.0031566458165888526,
    0.021194621911382293,
    0.01736155199123867,
    0.027958862946929862,
    0.03269383167181316
  ],
  "stablelm-tuned-alpha-7b": [
    -0.09868628603229208,
    -0.04152861810408677,
    -0.01830831550825336,
    -0.035276998174439314,
    -0.08104778694507248,
    -0.037732991718229386,
    -0.05336204154234803,
    -0.0558180350861381,
    -0.04934314301614609,
    -0.0446544280689105
  ],
  "vicuna-13b": [
    0.08628802667599637,
    0.028601990220348865,
    0.010926603005526557,
    0.03277980901657963,
    0.06154248457524564,
    0.04643806277348807,
    0.032940494354896196,
    0.04611669209685493,
    0.04675943345012121,
    0.03149432631004707
  ],
  "vicuna-7b": [
    -0.020091789367798957,
    -0.012470765814495912,
    -0.0009237604307034014,
    -0.010623244953089113,
    -0.01454922678357856,
    -0.0023094010767585028,
    -0.009468544414709864,
    -0.012701705922171761,
    -0.011316065276116663,
    -0.014087346568226862
  ],
  "wizardlm-13b": [
    0.008864602261837412,
    0.0036935842757655894,
    0.004062942703342148,
    0.009233960689413971,
    0.005171017986071824,
    0.014404978675485803,
    0.012558186537603006,
    0.008125885406684293,
    -0.004062942703342148,
    -0.000369358427576559
  ]
}