{
  "RWKV-4-Raven-14B": [
    -0.04042329221119277,
    -0.03200177300052763,
    -0.014878017272175172,
    -0.023580253789862487,
    -0.0499676806499466,
    -0.027229578781150714,
    -0.036773967219904544,
    -0.014316582658130824,
    -0.0362125326058602,
    -0.01993092879857426
  ],
  "alpaca-13b": [
    -0.05158361721726582,
    -0.027814695558329505,
    -0.012895904304316442,
    -0.03540052161969213,
    -0.0452620954994636,
    -0.030596165114162445,
    -0.03337763466999542,
    -0.01972314775954277,
    -0.03919343465037346,
    -0.019470286890830683
  ],
  "chatglm-6b": [
    -0.07679881673845747,
    -0.022470764897548706,
    -0.006257681363874315,
    -0.022755204959542995,
    -0.05375917171692045,
    -0.01962636427760582,
    -0.02559960557948588,
    -0.040390488803188886,
    -0.03953716861720602,
    -0.032710607129343094
  ],
  "claude-instant-v1": [
    0.08246283434141169,
    0.03277811406876181,
    0.014836409525860609,
    0.03760857298415829,
    0.06486616257818131,
    0.028982753492378863,
    0.043819163018239474,
    0.03553837630613123,
    0.05071981861166301,
    0.03519334352646005
  ],
  "claude-v1": [
    0.11532595439698635,
    0.04871764660684149,
    0.02339548000893518,
    0.05587391108016284,
    0.09220571532933276,
    0.04321282778120968,
    0.06468162120117373,
    0.053121501667346936,
    0.06963595814424235,
    0.05394722449119171
  ],
  "dolly-v2-12b": [
    -0.07006171005678083,
    -0.02662979024782611,
    -0.015851065623706025,
    -0.02758085418524847,
    -0.056112772307919556,
    -0.033287237809782655,
    -0.042797877184006364,
    -0.035823408309575644,
    -0.0339212804347309,
    -0.029800003372567312
  ],
  "fastchat-t5-3b": [
    -0.06947920652871743,
    -0.028678651205470553,
    -0.00798271734585261,
    -0.0345917751653614,
    -0.05055720985706671,
    -0.03281783797739415,
    -0.03222652558140507,
    -0.038730961937285,
    -0.03518308756135049,
    -0.02040027766162336
  ],
  "gpt-3.5-turbo": [
    0.08754673019266107,
    0.04339050767566313,
    0.013017152302698985,
    0.04160383971254761,
    0.06049147246548314,
    0.039817171749432084,
    0.044156222516998356,
    0.04849527328456463,
    0.05130289436946045,
    0.04262479283432791
  ],
  "gpt-4": [
    0.14769395352900083,
    0.07358038118051285,
    0.02772594073468581,
    0.06424953574095502,
    0.11783524812241575,
    0.06984804300468972,
    0.09384164556355273,
    0.07597974143639916,
    0.07917888844424756,
    0.06504932249291712
  ],
  "gpt4all-13b-snoozy": [
    -0.031377467306101296,
    -0.011009637651263612,
    -0.006055300708194985,
    -0.00990867388613725,
    -0.027524094128159034,
    -0.00935819200357407,
    -0.020918311537400865,
    -0.012661083298953154,
    -0.014863010829205877,
    -0.013762047064079515
  ],
  "guanaco-33b": [
    0.02,
    0.006111111111111111,
    0.0005555555555555558,
    0.002777777777777778,
    0.016666666666666666,
    -0.0005555555555555553,
    0.003333333333333334,
    0.015000000000000003,
    0.008333333333333333,
    0.01
  ],
  "koala-13b": [
    0.011912116814609831,
    -0.002569280097268786,
    0.008875694881473984,
    0.005138560194537567,
    0.014247825993945099,
    0.008174982127673404,
    0.010977833142875724,
    0.005138560194537567,
    0.002102138261401731,
    0.0
  ],
  "llama-13b": [
    -0.07979847498648995,
    -0.03105280022098716,
    -0.014804241965819451,
    -0.0324971165103354,
    -0.058133730646266674,
    -0.05235646548887371,
    -0.042607330535773084,
    -0.03321927465500952,
    -0.04982891198251429,
    -0.03033064207631304
  ],
  "mpt-7b-chat": [
    -0.04695742752749571,
    -0.02172180320999794,
    -0.009583148474999094,
    -0.028110568859997333,
    -0.03673540248749657,
    -0.017888543819998305,
    -0.02906888370749724,
    -0.02331899462249779,
    -0.025874500882497545,
    -0.023957871187497728
  ],
  "oasst-pythia-12b": [
    -0.06384152244732536,
    -0.02505478616800693,
    -0.012527393084003463,
    -0.027945723033546192,
    -0.04143676173939608,
    -0.021441115086082853,
    -0.03445033098100953,
    -0.03252303973731669,
    -0.03445033098100953,
    -0.03613671081924077
  ],
  "palm-2": [
    0.028546266586299853,
    0.02156829030964876,
    0.005074891837564409,
    0.013321591073606568,
    0.021885471049496535,
    0.007929518496194388,
    0.019665205870562096,
    0.013638771813454343,
    0.021885471049496535,
    0.023154194008887644
  ],
  "stablelm-tuned-alpha-7b": [
    -0.06769584383643724,
    -0.031146444582022627,
    -0.009852446755537786,
    -0.021929639552648605,
    -0.052758263271589535,
    -0.025425669046549096,
    -0.03718504098057809,
    -0.03782068270674182,
    -0.03368901148667756,
    -0.032099907171268226
  ],
  "vicuna-13b": [
    0.058578768177713444,
    0.02207968954390736,
    0.004956664999652661,
    0.02298090136202603,
    0.045060590905933416,
    0.03019059590697538,
    0.0245580220437337,
    0.027036354543560036,
    0.03402074613397972,
    0.02207968954390736
  ],
  "vicuna-7b": [
    -0.01160876721911654,
    -0.006633581268066598,
    0.001990074380419978,
    -0.003980148760839958,
    -0.003316790634033298,
    0.004643506887646619,
    -0.004643506887646618,
    -0.011277088155713209,
    -0.00033167906340332933,
    -0.009618692838696563
  ],
  "wizardlm-13b": [
    0.010482848367219178,
    -0.0020965696734438367,
    0.0010482848367219183,
    0.007337993857053426,
    0.003144854510165755,
    0.012579418040663013,
    0.003668996928526714,
    0.004193139346887673,
    0.0015724272550828775,
    -0.004193139346887673
  ]
}