{
  "lambda_0.1": {
    "RWKV-4-Raven-14B": [
      -0.018918344744867366,
      -0.008031457447626919
    ],
    "alpaca-13b": [
      -0.018596612679786465,
      -0.0062157259780672965
    ],
    "chatglm-6b": [
      -0.01824021779152163,
      -0.005043787159394312
    ],
    "claude-instant-v1": [
      0.025636349246661846,
      0.008790874257304326
    ],
    "claude-v1": [
      0.035212554630430354,
      0.014140031382438502
    ],
    "dolly-v2-12b": [
      -0.02277955459512538,
      -0.008691935271931546
    ],
    "fastchat-t5-3b": [
      -0.018231049191939037,
      -0.005454933955798544
    ],
    "gpt-3.5-turbo": [
      0.026614963191022706,
      0.00830284737936858
    ],
    "gpt-4": [
      0.04165779491588342,
      0.014045068466276615
    ],
    "gpt4all-13b-snoozy": [
      -0.009726131439332542,
      -0.003035983955781244
    ],
    "guanaco-33b": [
      0.003008491633980796,
      -0.0006294092501306352
    ],
    "koala-13b": [
      0.005699396981656525,
      0.0028424422605815595
    ],
    "llama-13b": [
      -0.025268756504025193,
      -0.008896202046729203
    ],
    "mpt-7b-chat": [
      -0.015970877361162397,
      -0.006565885426497728
    ],
    "oasst-pythia-12b": [
      -0.01879928117777232,
      -0.0068802132507062765
    ],
    "palm-2": [
      0.011124510186809296,
      0.003984812872961394
    ],
    "stablelm-tuned-alpha-7b": [
      -0.01965429796359954,
      -0.005619170705166502
    ],
    "vicuna-13b": [
      0.0159309841525939,
      0.0041496063583160445
    ],
    "vicuna-7b": [
      -0.00148943609984112,
      0.0008014805607551334
    ],
    "wizardlm-13b": [
      0.002450694801026978,
      0.0006525252839327365
    ]
  },
  "lambda_0.5": {
    "RWKV-4-Raven-14B": [
      -0.015386786368941504,
      -0.006840589732566875
    ],
    "alpaca-13b": [
      -0.015915228665327696,
      -0.005325327743455507
    ],
    "chatglm-6b": [
      -0.01533861152566231,
      -0.004005544370347826
    ],
    "claude-instant-v1": [
      0.026449520691675343,
      0.009052917020593469
    ],
    "claude-v1": [
      0.02750713811458777,
      0.011317068896836922
    ],
    "dolly-v2-12b": [
      -0.020758695216920257,
      -0.008003053753982142
    ],
    "fastchat-t5-3b": [
      -0.01548255207963699,
      -0.004568695659545628
    ],
    "gpt-3.5-turbo": [
      0.02803733150431338,
      0.00874239674303268
    ],
    "gpt-4": [
      0.013138572454037998,
      0.004479959221785071
    ],
    "gpt4all-13b-snoozy": [
      -0.008219053190813234,
      -0.0024827746881486406
    ],
    "guanaco-33b": [
      0.0040759217235889975,
      -0.00019019868912411081
    ],
    "koala-13b": [
      0.008593118299621057,
      0.0038061994869288056
    ],
    "llama-13b": [
      -0.023340180004275676,
      -0.00816664107812262
    ],
    "mpt-7b-chat": [
      -0.012872266988977291,
      -0.005376179208458632
    ],
    "oasst-pythia-12b": [
      -0.015701695177945042,
      -0.00580221381830219
    ],
    "palm-2": [
      0.013065952717016391,
      0.00463299662143811
    ],
    "stablelm-tuned-alpha-7b": [
      -0.01728986767786219,
      -0.004897358161862894
    ],
    "vicuna-13b": [
      0.018740216417207505,
      0.0051680320632438706
    ],
    "vicuna-7b": [
      0.0008972364155454117,
      0.0015487007779756094
    ],
    "wizardlm-13b": [
      0.0037261984226617056,
      0.0010382631885281063
    ]
  },
  "lambda_1.0": {
    "RWKV-4-Raven-14B": [
      -0.010972338399034174,
      -0.005352005088741803
    ],
    "alpaca-13b": [
      -0.012563498647254201,
      -0.004212329950190781
    ],
    "chatglm-6b": [
      -0.011711603693338164,
      -0.00270774088403973
    ],
    "claude-instant-v1": [
      0.027465984997942127,
      0.00938047047470489
    ],
    "claude-v1": [
      0.01787536746978452,
      0.007788365789834935
    ],
    "dolly-v2-12b": [
      -0.01823262099416389,
      -0.0071419518565454
    ],
    "fastchat-t5-3b": [
      -0.012046930689259407,
      -0.0034608977892294857
    ],
    "gpt-3.5-turbo": [
      0.02981529189592663,
      0.00929183344761279
    ],
    "gpt-4": [
      -0.02251045562326871,
      -0.007476427333829388
    ],
    "gpt4all-13b-snoozy": [
      -0.0063352053801640955,
      -0.001791263103607886
    ],
    "guanaco-33b": [
      0.0054102093355992455,
      0.0003588145121340452
    ],
    "koala-13b": [
      0.01221026994707669,
      0.005010896019862843
    ],
    "llama-13b": [
      -0.020929459379588747,
      -0.0072546898673643825
    ],
    "mpt-7b-chat": [
      -0.008999004023745923,
      -0.0038890464359097577
    ],
    "oasst-pythia-12b": [
      -0.011829712678160924,
      -0.0044547145277971
    ],
    "palm-2": [
      0.015492755879775213,
      0.005443226307034002
    ],
    "stablelm-tuned-alpha-7b": [
      -0.01433432982069047,
      -0.0039950924827333615
    ],
    "vicuna-13b": [
      0.022251756747974534,
      0.006441064194403679
    ],
    "vicuna-7b": [
      0.0038805770597785784,
      0.002482726049501206
    ],
    "wizardlm-13b": [
      0.005320577949705111,
      0.001520435569272316
    ]
  }
}