{
  "RWKV-4-Raven-14B": 3.079631778577288,
  "alpaca-13b": 3.2956964002985942,
  "chatglm-6b": 4.04265751622137,
  "claude-instant-v1": 4.959668212388467,
  "claude-v1": 7.6769973567857175,
  "dolly-v2-12b": 4.940508331565701,
  "fastchat-t5-3b": 3.861923052661293,
  "gpt-3.5-turbo": 5.725911987789176,
  "gpt-4": 10.0,
  "gpt4all-13b-snoozy": 1.2282739204943829,
  "guanaco-33b": 0.6844855919171194,
  "koala-13b": 0.0974365682359005,
  "llama-13b": 4.726185443072929,
  "mpt-7b-chat": 2.439092368507465,
  "oasst-pythia-12b": 3.407012329950347,
  "palm-2": 1.3432201258692908,
  "stablelm-tuned-alpha-7b": 4.194287348879207,
  "vicuna-13b": 3.372763939643977,
  "vicuna-7b": 0.34483424635374776,
  "wizardlm-13b": 0.0
}