{
  "RWKV-4-Raven-14B": 2.822979704383887,
  "alpaca-13b": 3.013769385807203,
  "chatglm-6b": 3.659212625499326,
  "claude-instant-v1": 4.470793011920144,
  "claude-v1": 7.021274339765983,
  "dolly-v2-12b": 4.470496380715711,
  "fastchat-t5-3b": 3.506636046068489,
  "gpt-3.5-turbo": 5.163427429229582,
  "gpt-4": 10.0,
  "gpt4all-13b-snoozy": 1.1078999519138222,
  "guanaco-33b": 0.6041729844564084,
  "koala-13b": 0.16806967898892197,
  "llama-13b": 4.269866696590804,
  "mpt-7b-chat": 2.2293874052576803,
  "oasst-pythia-12b": 3.114962102287949,
  "palm-2": 1.2092307405635165,
  "stablelm-tuned-alpha-7b": 3.8008787545590517,
  "vicuna-13b": 3.059939016967904,
  "vicuna-7b": 0.34270559934604616,
  "wizardlm-13b": 0.0
}